X.1,X,Y,Class,Ultra_Blue,Blue,Green,Red,NIR,SWNIR_1,SWNIR_2,Cirrus
209,785067.825,1448899.088,4,11019,10492,10405,9556,9049,6960,6247,5241
106,772760.5804,1440743.53,2,11429,10874,10220,10221,12491,12654,11771,5223
29,799664.6535,1424317.97,1,10212,9637,9443,10118,14787,15777,12186,5161
18,765745.0474,1422686.451,1,10384,9729,9290,9660,13834,15704,12463,5265
64,776628.2408,1429210.928,2,11415,10885,10436,10392,11638,11361,10539,5243
223,784200.0844,1436660.147,4,10162,9372,8507,7756,7359,6032,5693,5200
90,790752.0794,1428347.183,2,11083,10491,10383,10553,11670,11206,10434,5162
69,790656.1077,1431597.425,2,11549,11200,11825,12795,16365,17242,13811,5196
42,791139.1654,1455107.298,1,10297,9637,9448,9928,14143,15610,12494,5124
57,795137.9872,1430384.982,1,10293,9708,9485,10072,14978,16133,12160,5183
116,778893.1735,1437645.243,2,11807,11565,11281,12006,13578,14900,12138,5240
20,776986.5353,1415699.709,1,10486,9818,9431,9736,14858,15739,12102,5268
142,788564.653,1431467.675,3,10186,9399,9111,8123,20743,10935,7658,5179
2,763393.7402,1440594.774,1,10448,9862,9622,10289,14905,17071,13227,5207
215,789786.1855,1431240.071,4,10367,9668,9347,8185,8243,6040,5697,5227
78,782971.9717,1439780.614,2,11386,10943,10687,11104,12546,13191,12155,5216
163,760171.4637,1450099.661,3,10036,9243,8607,8090,14210,10102,7679,5125
73,791353.5022,1440573.98,2,11020,10508,10257,10474,12550,13142,11647,5137
125,782159.811,1452471.875,2,10766,10224,10230,10668,14752,16194,12832,5216
211,784170.5939,1436376.181,4,10271,9458,8567,7858,7541,6170,5802,5220
15,759676.4355,1423025.551,1,10500,9850,9342,9713,13485,15405,11870,5226
118,787284.3012,1450761.379,2,11866,11514,11671,10834,10990,9919,9632,5171
137,776795.8264,1414843.312,3,10208,9421,8883,8146,8312,6601,5962,5342
85,785300.8856,1425416.846,2,11465,10999,10879,10910,13384,12554,10784,5229
166,758075.5144,1442155.106,3,10041,9283,8715,8256,14436,10810,8219,5153
60,782280.9753,1436757.505,1,10871,10371,10738,12604,15531,18500,16327,5224
203,781555.176,1450783.357,4,10145,9347,8575,7761,7441,6016,5630,5165
87,789203.7356,1426248.601,2,11004,10581,11027,11824,16669,17959,13636,5179
202,769586.8266,1454478.674,4,10043,9251,8515,7935,7548,5877,5492,5126
115,778035.8261,1438160.292,2,11471,10974,10116,9947,11953,13062,11902,5262
188,796307.8494,1441038.193,4,9939,9209,8503,7659,7359,5734,5429,5083
198,780813.0692,1443671.693,4,10473,9814,9293,8423,7709,6192,5749,5203
101,774225.7487,1443510.715,2,11716,11183,10752,10928,13196,12639,11423,5199
84,776573.8569,1447720.675,2,10742,10197,10106,10439,13757,14859,12462,5220
174,808110.9312,1441381.658,1,10366,9848,9956,9768,11005,8804,7203,5087
94,778723.6235,1431063.183,2,11335,10804,10313,10334,11229,11353,10516,5206
207,783939.5901,1450620.519,4,10347,9599,8902,8310,9335,7214,6388,5233
68,786983.5898,1432921.835,2,11133,10762,10067,10129,12177,11297,10649,5217
17,763281.7732,1420946.163,1,10380,9746,9294,9661,14331,15625,11663,5219
184,786435.2831,1448774.773,2,11363,11010,11851,14413,17677,22404,15986,5205
200,780527.263,1448744.754,4,10225,9555,9115,8294,11892,8443,6893,5173
217,784193.8515,1428379.795,4,10447,9652,8678,7997,7572,6148,5781,5221
112,781578.7822,1433534.454,2,11485,10956,10034,9843,11443,11967,12199,5248
131,780629.647,1412656.65,3,9943,9129,8438,7678,14623,11026,7870,5252
30,798205.8833,1423294.272,1,10263,9706,9491,10133,15126,17002,13253,5141
36,809751.2816,1428179.232,1,10019,9352,9202,9325,16102,14331,10702,5116
35,812195.3615,1431723.788,1,9942,9263,8892,9222,14495,13437,10337,5134
52,764730.9462,1432982.617,1,10456,9887,9870,11155,14138,18672,14487,5153
213,790239.8845,1431447.195,4,10411,9697,9310,8189,8226,6068,5700,5199
98,778007.0346,1420835.796,2,11301,10759,10670,10706,13974,14701,12944,5194
152,799157.7905,1433593.464,3,9923,9181,8837,8076,18514,11699,8249,5149
103,771263.4215,1440666.753,2,11313,10858,10027,9585,11987,13801,13916,5207
127,763270.031,1413834.726,3,10369,9578,8796,7898,10456,6927,6092,5237
89,789472.4565,1428398.368,2,11271,10945,12021,13786,17620,20932,17159,5167
91,774424.0903,1428462.349,2,11208,10650,10500,10480,13254,13196,11984,5299
62,792425.1865,1449153.852,1,10361,9811,9781,10884,15128,17037,13486,5108
216,784016.317,1428794.042,4,10516,9735,8776,8119,7711,6246,5853,5254
51,786378.9679,1453299.831,1,10577,10062,10046,10931,14478,15192,11953,5172
113,781842.7045,1433403.293,2,10949,10428,9516,9188,13137,12353,10096,5226
159,769421.8091,1453997.936,3,10145,9335,8564,7824,14046,9104,6939,5105
114,780374.3371,1434209.456,2,11298,10758,9907,9664,11418,11370,10241,5277
22,767670.88,1415392.6,1,10396,9719,9276,9437,14829,14151,10574,5273
100,771768.8726,1444425.646,2,11162,10634,10220,10298,12137,11722,10532,5187
196,768809.2079,1444171.854,4,10337,9602,8990,8193,8379,6195,5733,5146
109,776002.0253,1432857.054,2,11590,10937,9800,9315,12051,13256,12770,5258
170,764110.3204,1425244.281,3,10189,9449,8815,8444,13657,11485,8548,5254
40,779046.7283,1447122.451,1,10424,9804,9429,9842,14354,15182,11913,5179
224,795971.0832,1441601.06,4,10003,9268,8476,7692,7362,5695,5403,5090
12,764986.8708,1451311.617,1,10458,9767,9354,9990,14476,16141,12444,5136
145,787304.2188,1433162.577,3,10778,10270,10280,9861,12354,10865,8505,5284
176,811598.6099,1430188.143,3,9808,9057,8466,8214,13694,11743,8691,5112
54,766272.8919,1431997.307,1,10244,9512,9098,9458,14171,13655,10626,5183
53,766656.7788,1433712.002,1,10655,10100,10640,12397,16075,21024,16683,5173
178,759028.0016,1431980.92,1,10692,10236,10399,12155,16345,20557,16772,5163
147,788226.8662,1429137.781,3,10060,9274,8549,7869,12614,10364,7879,5161
27,800278.8725,1421093.32,1,10449,9928,9904,11179,15194,17203,14236,5128
191,757591.3137,1417663.327,4,10050,9206,8240,7520,7379,6124,5692,5223
199,782956.6159,1443671.693,4,10646,10045,9637,8975,7913,6309,5881,5243
220,782773.5762,1424237.325,4,10254,9445,8468,7811,7767,6340,5872,5234
126,763864.4403,1413927.826,3,10276,9481,8938,7958,16760,9507,7084,5245
26,803247.5978,1427081.956,1,10280,9705,9637,10489,15069,17420,13163,5138
55,765172.4162,1429809.152,1,10414,9768,9578,10456,14338,16949,13322,5225
72,791775.7778,1435295.536,2,11025,10536,10171,10322,12356,12268,11175,5147
154,803340.1402,1432829.564,3,10007,9319,8890,8626,14512,12702,9880,5109
219,782694.672,1424395.133,4,10194,9382,8430,7727,9148,6768,6025,5240
92,776445.8946,1426862.82,2,11285,10729,10379,10527,12794,13349,12115,5305
47,804428.05,1442829.316,1,10182,9593,9495,10628,15191,17299,12852,5119
121,790040.2892,1418367.723,2,11046,10478,9794,9585,11599,11244,10617,5206
104,773768.2835,1440932.275,2,11413,11067,10301,10178,13224,14619,13869,5217
204,783264.9754,1447980.216,4,10215,9526,8976,8065,8832,6249,5804,5210
93,780828.6033,1429540.431,2,10996,10432,9900,9883,10812,10666,10064,5174
195,771881.6248,1447672.98,4,10330,9579,8770,8026,8228,6185,5707,5152
8,759650.843,1451554.745,1,10461,9935,9966,11315,15227,18307,15104,5119
96,782588.0849,1425839.122,2,11596,11033,10760,10850,12848,11785,10401,5239
81,795601.8505,1448027.784,2,11353,10986,11096,11966,14989,16662,12720,5112
132,780462.544,1413420.549,3,9920,9092,8300,7600,13571,10220,7460,5188
149,795727.4043,1432514.456,3,10126,9415,9002,8315,17144,11606,8306,5205
181,790560.3404,1443809.426,1,10309,9571,9272,9212,13485,9733,7558,5185
21,776141.9841,1413268.426,1,10453,9810,9526,9979,14445,15659,12173,5273
102,772091.9774,1440007.747,2,11527,11024,10663,10629,12752,12856,11814,5209
175,806096.1463,1442011.875,1,10182,9570,9600,10599,14825,17401,13408,5077
25,769657.4947,1417580.755,1,10384,9698,9244,9676,14366,15693,12184,5322
169,773582.6742,1444427.707,3,10663,9912,9155,8653,12685,11139,8639,5181
24,775396.6037,1412068.779,1,10460,9772,9421,9726,15050,15241,11928,5249
148,788207.7687,1428650.795,3,10147,9356,8640,8048,12816,10587,7996,5166
162,809638.7302,1421825.831,3,10196,9533,9168,8953,15822,13802,10702,5111
150,795701.1453,1433326.099,3,10102,9374,8730,8194,14863,10308,7561,5165
11,767738.0602,1451260.432,1,10590,9957,9395,9605,13761,15492,11951,5125
95,784936.193,1428206.424,2,11005,10482,9918,9964,10980,10978,10116,5233
164,756538.1667,1453145.71,3,10464,9888,9847,9339,8087,6194,5702,5112
155,804791.5492,1432447.615,3,9999,9313,8865,8711,14326,13403,9814,5113
138,779290.4357,1415621.535,3,9980,9154,8394,7722,13083,10144,7623,5245
227,783376.5989,1445573.167,4,10286,9617,8990,8121,8189,6256,5823,5230
140,778256.7842,1415559.468,3,9989,9186,8419,7688,13282,10177,7574,5271
218,785466.1814,1424917.874,4,10255,9454,8483,7792,7534,6240,5819,5225
66,780850.9967,1427406.66,2,11384,10901,10439,10566,12071,11779,10757,5255
49,787153.1398,1455548.768,1,10160,9504,9031,9641,13143,15125,11492,5142
206,785021.2999,1451318.396,4,10127,9328,8398,7778,7791,6298,5840,5163
194,769809.5297,1454889.588,4,10193,9428,8728,8161,7715,5967,5523,5109
119,788359.1845,1450831.758,2,11157,10748,10436,10254,10774,10306,9560,5168
134,780768.1038,1414680.984,3,9899,9067,8332,7632,13649,10495,7720,5223
185,783038.2748,1448183.349,4,10240,9559,9008,8205,11274,8126,6735,5218
173,799727.1343,1448170.815,3,10061,9379,8923,8736,13287,13166,9770,5099
16,763748.8356,1421880.288,1,10466,9871,9555,10164,14651,17420,13276,5250
190,769952.4328,1411304.139,4,10690,10100,9864,10142,14599,15447,12213,5339
76,786260.6028,1439652.652,2,11473,11027,10782,11048,12413,12905,12157,5182
129,778743.7701,1412298.572,3,10036,9202,8366,7631,13127,9615,7272,5258
61,795304.3382,1449486.554,1,10031,9391,9057,9484,14353,15133,11264,5118
34,810122.3722,1430751.275,1,9919,9214,9015,8846,16361,14294,10306,5113
74,793592.8424,1439319.95,2,11008,10544,10158,10341,12007,11765,10823,5153
82,798020.3379,1446159.535,2,11156,10802,10880,11286,14771,13340,11404,5126
201,780170.0052,1432668.154,4,10513,9782,9163,8320,8033,6400,5907,5241
99,795640.2392,1435289.137,2,11776,11535,11707,12333,13988,13418,12162,5162
71,791347.1041,1429812.351,2,11514,10992,10388,10429,11872,10505,9238,5179
14,791667.0099,1413940.228,1,10284,9685,9391,9442,14037,13797,11061,5183
222,790644.2685,1424335.955,4,9961,9136,8185,7569,7523,6066,5671,5167
146,786505.7051,1429553.152,3,10174,9395,8836,7979,16613,9604,7299,5197
144,787428.3525,1430856.555,3,10017,9279,8849,8065,17020,11362,8098,5178
192,764093.4052,1431382.026,4,10326,9698,9332,8443,7797,6418,5885,5257
187,781473.1455,1451177.509,4,10166,9373,8677,7821,7468,6001,5624,5190
39,780275.1663,1442822.918,1,10504,9872,9619,10164,13101,14060,11527,5211
86,788103.2599,1423497.412,2,11069,10655,10797,11481,14324,14809,13328,5177
197,782885.1643,1448673.302,4,10376,9701,9172,8280,9355,6444,5888,5194
37,804831.1312,1436669.531,1,10288,9713,9469,10007,14770,16570,12824,5154
70,790444.9699,1430720.883,2,11114,10612,10368,10444,11490,11338,10347,5208
80,781692.3488,1441776.826,2,11211,10625,10291,10333,12100,12045,11095,5184
59,777856.6789,1436232.859,1,11169,10581,10119,10886,12609,16932,14896,5240
123,782844.0094,1420004.041,2,12835,12849,11188,10699,15676,17120,15226,5291
32,800969.8689,1422846.404,1,10343,9750,9559,10020,14428,14566,12022,5134
214,789638.2401,1431723.359,4,10320,9594,9095,7963,8205,6091,5713,5241
179,792116.7856,1450868.335,3,9916,9148,8597,7914,14945,8943,6732,5141
3,763380.944,1442667.763,1,10249,9585,9019,9309,13821,14459,10491,5221
10,757417.9009,1450217.539,1,10814,10265,10299,11744,14745,18346,14890,5123
50,786660.485,1453888.457,1,10586,10013,9976,10623,15570,17125,12837,5181
124,781158.3061,1452120.178,2,11708,11090,9512,9336,13248,13678,12430,5170
130,779211.6585,1412494.321,3,9992,9134,8361,7575,14167,10178,7406,5284
205,783741.8582,1451399.815,4,10610,9855,9157,8461,8461,6620,6024,5217
88,785876.7159,1428014.481,2,11632,11172,10834,10995,12063,12113,11238,5230
13,771986.4085,1451951.428,1,10446,9803,9200,9521,13352,15744,12279,5113
122,791804.5693,1418027.024,2,10523,10009,9069,8520,12900,11053,9049,5183
48,780319.9531,1455395.214,1,10366,9697,9253,9456,13842,13553,10343,5191
108,773362.0032,1442499.013,2,11047,10431,9550,9020,12598,12627,11525,5153
182,788641.0429,1445461.359,1,11193,10633,10464,10884,12523,12246,10327,5238
105,772850.154,1441328.958,2,11267,10721,9971,9769,12727,12753,11416,5221
9,760578.5697,1451234.839,1,10194,9540,9078,9551,13819,15371,11946,5141
171,761971.4019,1425301.574,1,10483,9912,9733,10556,14911,18237,14591,5205
156,805708.2286,1429544.797,3,10060,9388,9074,9027,13551,13123,10393,5141
161,807805.3714,1424346.699,3,9931,9150,8551,8338,14853,11190,8175,5125
7,759055.8183,1451356.403,1,10603,10057,9975,11044,14939,17092,13767,5142
97,782959.1755,1430855.244,2,11218,10679,10296,10442,11316,11449,10638,5206
117,796440.0036,1439827,2,11233,10933,11059,11742,13527,15337,12757,5115
19,776909.7579,1416953.74,1,10501,9831,9310,9512,14590,15442,11447,5271
141,779190.1739,1415210.939,3,9977,9147,8363,7618,13758,10176,7558,5214
33,794891.6598,1425021.763,1,10107,9500,9271,9543,15122,15505,11851,5149
177,758407.3333,1427567.013,3,10114,9400,8725,8309,13498,10329,7981,5153
225,780421.7391,1443756.655,4,10296,9638,9112,8161,7443,6020,5634,5179
143,789242.6138,1431945.112,3,10300,9530,9031,8071,18976,10119,7241,5269